Country_num,Year,Agric_Water_Withdrawal,Agric_Water_Withdrawal_Share_of_Total,Water_Dependency_Ratio,Irrigation_Water_Withdrawal,Livestock_Water_Withdrawal
C004,2017,20,98.169627299,28.7226001512,0,0
C004,2018,20,98.169627299,28.7226001512,0,0
C004,2019,20,98.169627299,28.7226001512,0,0
C008,2017,0.699,64.010989011,10.9271523179,0.609,0.088
C008,2018,0.653,68.1628392484,10.9271523179,0.566,0.084
C008,2019,0.692,61.1847922193,10.9271523179,0.566,0.078
C012,2017,6.671,63.7640986427,3.5998971458,3.502,0
C012,2018,6.671,63.7640986427,3.5998971458,3.502,0
C012,2019,6.671,63.7640986427,3.5998971458,3.502,0
C024,2017,0.1467,20.7849249079,0.269541779,0.1467,0
C024,2018,0.1467,20.7849249079,0.269541779,0.1467,0
C024,2019,0.1467,20.7849249079,0.269541779,0.1467,0
C028,2017,0.0018,15.652173913,0,0.0013,0
C028,2018,0.0018,15.652173913,0,0.0013,0
C028,2019,0.0018,15.652173913,0,0.0013,0
C031,2017,11.161,92.0874587459,76.5969718818,11.161,0
C031,2018,11.237,92.356373798,76.5969718818,11.237,0
C031,2019,11.614,92.2478157268,76.5969718818,11.614,0
C032,2017,27.93,73.928004235,66.6757965854,0,0
C032,2018,27.93,73.928004235,66.6757965854,0,0
C032,2019,27.93,73.928004235,66.6757965854,0,0
C036,2017,12.090772,69.4141908223,0,10.989261,1.101379
C036,2018,12.525147,69.9496407591,0,11.563175,0.961816
C036,2019,8.742237,58.3671618238,0,7.810503,0.93156
C040,2017,0.0771,2.2078405544,29.2149292149,0.018,0.056
C040,2018,0.0771,2.2078405544,29.2149292149,0.018,0.056
C040,2019,0.0771,2.2078405544,29.2149292149,0.018,0.056
C044,2017,0,0,0,0,0
C044,2018,0,0,0,0,0
C044,2019,0,0,0,0,0
C048,2017,0.1447,33.3103130755,96.5517241379,0,0
C048,2018,0.1447,33.3103130755,96.5517241379,0,0
C048,2019,0.1447,33.3103130755,96.5517241379,0,0
C050,2017,31.5,87.8171173683,91.4427659588,0,0
C050,2018,31.5,87.8171173683,91.4427659588,0,0
C050,2019,31.5,87.8171173683,91.4427659588,0,0
C051,2017,2.1,73.1707317073,11.7132192045,1.612,0
C051,2018,1.882,69.3441414886,11.7132192045,1.39,0
C051,2019,2.134,74.4851657941,11.7132192045,1.39,0
C052,2017,0.0548,67.6543209877,0,0.0548,0
C052,2018,0.0548,67.6543209877,0,0.0548,0
C052,2019,0.0548,67.6543209877,0,0.0548,0
C056,2017,0.045723326,1.0410402186,34.4262295082,0,0
C056,2018,0.05432388,1.2742142406,34.4262295082,0,0
C056,2019,0.05432388,1.2742142406,34.4262295082,0,0
C064,2017,0.318,94.0828402367,0,0,0
C064,2018,0.318,94.0828402367,0,0,0
C064,2019,0.318,94.0828402367,0,0,0
C068,2017,1.92,91.9540229885,47.1254355401,1.777,0
C068,2018,1.92,91.9540229885,47.1254355401,1.777,0
C068,2019,1.92,91.9540229885,47.1254355401,1.777,0
C070,2017,0,0,5.3333333333,0,0
C070,2018,0,0,5.3333333333,0,0
C070,2019,0,0,5.3333333333,0,0
C072,2017,0.069,35.7512953368,80.3921568627,0.0268,0.0422
C072,2018,0.0796,39.0196078431,80.3921568627,0.038,0.0416
C072,2019,0.07459,36.9275706718,80.3921568627,0.03459,0.04
C076,2017,39.43,60.0334957369,34.5322077021,34.17,5.26
C076,2018,37.55,58.1359343552,34.5322077021,32.16,5.39
C076,2019,43.03,61.0961238109,34.5322077021,37.58,5.45
C084,2017,0.0684,67.7227722772,29.7874298334,0,0
C084,2018,0.0684,67.7227722772,29.7874298334,0,0
C084,2019,0.0684,67.7227722772,29.7874298334,0,0
C090,2017,0,0,0,0,0
C090,2018,0,0,0,0,0
C090,2019,0,0,0,0,0
C096,2017,0.0053,5.7608695652,0,0.0053,0
C096,2018,0.0053,5.7608695652,0,0.0053,0
C096,2019,0.0053,5.7608695652,0,0.0053,0
C100,2017,0.835,14.75786497,1.4084507042,0.647,0.004
C100,2018,0.724,13.3456221198,1.4084507042,0.55,0.004
C100,2019,0.798,14.7178163039,1.4084507042,0.617,0.004
C104,2017,29.57,88.555735908,14.1291317006,0,0
C104,2018,29.57,88.555735908,14.1291317006,0,0
C104,2019,29.57,88.555735908,14.1291317006,0,0
C108,2017,0.222,79.2574080685,19.7511167837,0.2,0.022
C108,2018,0.222,79.2574080685,19.7511167837,0.2,0.022
C108,2019,0.222,79.2574080685,19.7511167837,0.2,0.022
C112,2017,0.431,30.85182534,41.2780656304,0.004,0.21
C112,2018,0.416,29.9065420561,41.2780656304,0.004,0.202
C112,2019,0.367,27.0250368189,41.2780656304,0.004,0.183
C116,2017,2.053,94.0018315018,74.6691871456,1.928,0.125
C116,2018,2.053,94.0018315018,74.6691871456,1.928,0.125
C116,2019,2.053,94.0018315018,74.6691871456,1.928,0.125
C120,2017,0.737,67.7140757075,3.5846724351,0.737,0
C120,2018,0.737,67.7140757075,3.5846724351,0.737,0
C120,2019,0.737,67.7140757075,3.5846724351,0.737,0
C124,2017,3.859,10.644636306,1.7918676775,2.198281,1.661
C124,2018,3.859,10.6478671155,1.7918676775,2.95,1.661
C124,2019,3.859,10.6510998868,1.7918676775,2.95,1.661
C132,2017,0.025,92.5925925926,0,0.025,0
C132,2018,0.025,92.5925925926,0,0.025,0
C132,2019,0.025,92.5925925926,0,0.025,0
C140,2017,4e-04,0.5517241379,0,4e-04,0
C140,2018,4e-04,0.5517241379,0,4e-04,0
C140,2019,4e-04,0.5517241379,0,4e-04,0
C144,2017,11.31,87.362892013,0,0,0
C144,2018,11.31,87.362892013,0,0,0
C144,2019,11.31,87.362892013,0,0,0
C148,2017,0.6722,76.4211005002,67.1772428884,0.6722,0
C148,2018,0.6722,76.4211005002,67.1772428884,0.6722,0
C148,2019,0.6722,76.4211005002,67.1772428884,0.6722,0
C152,2017,29.42,90.8866234167,4.1232422594,7.89,0.075
C152,2018,29.42,90.8866234167,4.1232422594,7.89,0.075
C152,2019,29.42,90.8866234167,4.1232422594,7.89,0.075
C156,2017,385.2,64.4039458285,0.9618973178,0,0
C156,2018,385.2,64.4039458285,0.9618973178,0,0
C156,2019,385.2,64.4039458285,0.9618973178,0,0
C170,2017,21,74.2317018855,9.1101694915,16,1.525
C170,2018,21,74.158303258,9.1101694915,16,1.525
C170,2019,21,74.0905386382,9.1101694915,16,1.525
C174,2017,0.0047,47,0,0,0
C174,2018,0.0047,47,0,0,0
C174,2019,0.0047,47,0,0,0
C178,2017,0.004,4.3620501636,73.3173076923,0,0
C178,2018,0.004,4.3620501636,73.3173076923,0,0
C178,2019,0.004,4.3620501636,73.3173076923,0,0
C180,2017,0.0719,10.517846694,29.8519095869,0.0719,0
C180,2018,0.0719,10.517846694,29.8519095869,0.0719,0
C180,2019,0.0719,10.517846694,29.8519095869,0.0719,0
C184,2017,0,0,0,0,0
C184,2018,0,0,0,0,0
C184,2019,0,0,0,0,0
C188,2017,2,81.9672131148,0,2,0.22
C188,2018,1.97,81.7427385892,0,1.97,0.22
C188,2019,1.96,80.658436214,0,1.96,0.22
C191,2017,0.076,10.5849582173,64.2654028436,0.03,0.046
C191,2018,0.076,10.5849582173,64.2654028436,0.03,0.046
C191,2019,0.08,10.9589041096,64.2654028436,0.03,0.046
C192,2017,4.519,64.9374910188,0,0,0
C192,2018,4.519,64.9374910188,0,0,0
C192,2019,4.519,64.9374910188,0,0,0
C196,2017,0.186,62.6262626263,0,0.185,0.001
C196,2018,0.175,61.1888111888,0,0.174,0.001
C196,2019,0.166,59.9277978339,0,0.165,0.001
C203,2017,0.0466,2.8588957055,0,0.03,0
C203,2018,0.048,3.0188679245,0,0.029,0
C203,2019,0.043,2.8552456839,0,0.022,0
C204,2017,0.059,25.2136752137,60.9700644183,0.045,0.014
C204,2018,0.059,25.2136752137,60.9700644183,0.045,0.014
C204,2019,0.059,25.2136752137,60.9700644183,0.045,0.014
C208,2017,0.47773,53.3301034385,0,0.2013,0
C208,2018,0.656123,59.6759186413,0,0.379218,0
C208,2019,0.494022,53.5627393411,0,0.2347,0
C212,2017,0.001,5,0,0,0
C212,2018,0.001,5,0,0,0
C212,2019,0.001,5,0,0,0
C214,2017,7.563,83.3122197865,0,6.43,1.133
C214,2018,7.563,83.3122197865,0,6.43,1.133
C214,2019,7.563,83.3122197865,0,6.43,1.133
C218,2017,8.076,81.427707199,0,8.076,0
C218,2018,8.076,81.427707199,0,8.076,0
C218,2019,8.076,81.427707199,0,8.076,0
C222,2017,1.431,67.5637393768,40.5024743053,1.389,0.018
C222,2018,1.431,67.5637393768,40.5024743053,1.389,0.018
C222,2019,1.431,67.5637393768,40.5024743053,1.389,0.018
C226,2017,0.001,5.0505050505,0,0,0
C226,2018,0.001,5.0505050505,0,0,0
C226,2019,0.001,5.0505050505,0,0,0
C231,2017,9.687,91.8364444782,0,9,0.687
C231,2018,9.687,91.8364444782,0,9,0.687
C231,2019,9.687,91.8364444782,0,9,0.687
C232,2017,0.55,94.5017182131,61.7224880383,0,0
C232,2018,0.55,94.5017182131,61.7224880383,0,0
C232,2019,0.55,94.5017182131,61.7224880383,0,0
C233,2017,0.00446615,0.250223245,0.7496486022,0.0001805,0
C233,2018,0.00473857,0.2945885221,0.7496486022,0.0001715,0
C233,2019,0.00486,0.4829861663,0.7496486022,5.9e-05,0
C234,2017,0,0,0,0,0
C234,2018,0,0,0,0,0
C234,2019,0,0,0,0,0
C242,2017,0.05,58.8928150766,0,0,0
C242,2018,0.05,58.8928150766,0,0,0
C242,2019,0.05,58.8928150766,0,0,0
C246,2017,0.4,17.3913043478,2.7272727273,0.4342857143,0
C246,2018,0.4,14.2857142857,2.7272727273,0.4671428571,0
C246,2019,0.4,13.7931034483,2.7272727273,0.5,0.1
C250,2017,2.943,10.9218436874,5.2132701422,2.588,0
C250,2018,2.987,11.125181571,5.2132701422,2.588,0
C250,2019,2.987,11.125181571,5.2132701422,2.588,0
C262,2017,0.003,15.7894736842,0,0.0025,5e-04
C262,2018,0.003,15.7894736842,0,0.0025,5e-04
C262,2019,0.003,15.7894736842,0,0.0025,5e-04
C266,2017,0.0403,28.9719626168,1.2048192771,0.0403,0
C266,2018,0.0403,28.9719626168,1.2048192771,0.0403,0
C266,2019,0.0403,28.9719626168,1.2048192771,0.0403,0
C268,2017,0.48645,35.390278859,8.2109584715,0.47347,0.188
C268,2018,0.45784,35.4606852965,8.2109584715,0.44025,0.188
C268,2019,0.591,37.5920719529,8.2109584715,0.575,0.188
C270,2017,0.0392,38.5826771654,62.5,0.0392,0
C270,2018,0.0392,38.5826771654,62.5,0.0392,0
C270,2019,0.0392,38.5826771654,62.5,0.0392,0
C275,2017,0.162,43.1769722814,2.9868578256,0,0
C275,2018,0.1755,45.0577663671,2.9868578256,0,0
C275,2019,0.1906,45.6089973678,2.9868578256,0,0
C276,2017,0.3993145864,1.4019777665,30.5194805195,0.363,0
C276,2018,0.3993145864,1.4019777665,30.5194805195,0.363,0
C276,2019,0.3993145864,1.4019777665,30.5194805195,0.363,0
C288,2017,1.07,73.0574900997,46.0854092527,0,0
C288,2018,1.07,73.0574900997,46.0854092527,0,0
C288,2019,1.07,73.0574900997,46.0854092527,0,0
C296,2017,0,0,0,0,0
C296,2018,0,0,0,0,0
C296,2019,0,0,0,0,0
C300,2017,8.107,79.9980264456,15.2046783626,7.868,0
C300,2018,8.107,80.0928670223,15.2046783626,7.868,0
C300,2019,8.107,80.148294612,15.2046783626,7.868,0
C308,2017,0.0021,14.8936170213,0,0.0021,0
C308,2018,0.0021,14.8936170213,0,0.0021,0
C308,2019,0.0021,14.8936170213,0,0.0021,0
C320,2017,1.886,56.7371619386,14.6274724416,0,0
C320,2018,1.886,56.7371619386,14.6274724416,0,0
C320,2019,1.886,56.7371619386,14.6274724416,0,0
C324,2017,0.5819352941,66.7936847911,0,0.5819352941,0
C324,2018,0.6,67.4157303371,0,0.6,0
C324,2019,0.6,67.4157303371,0,0.6,0
C328,2017,1.363,94.344846681,11.0701107011,1.363,0
C328,2018,1.363,94.344846681,11.0701107011,1.363,0
C328,2019,1.363,94.344846681,11.0701107011,1.363,0
C332,2017,1.209,83.3793103448,7.2386250178,1.209,0
C332,2018,1.209,83.3793103448,7.2386250178,1.209,0
C332,2019,1.209,83.3793103448,7.2386250178,1.209,0
C340,2017,1.178,73.304293715,1.6318736166,1.153,0.025
C340,2018,1.178,73.304293715,1.6318736166,1.153,0.025
C340,2019,1.178,73.304293715,1.6318736166,1.153,0.025
C348,2017,0.495195567,11.059266578,94.2307692308,0.132937768,0.0199
C348,2018,0.504939785,10.8121081205,94.2307692308,0.121448896,0.025168011
C348,2019,0.4858497,11.1660225985,94.2307692308,0.1088797,0.0236
C352,2017,3e-04,0.107797341,0,0,0
C352,2018,3e-04,0.107797341,0,0,0
C352,2019,3e-04,0.107797341,0,0,0
C356,2017,688,90.4073587385,30.5208533538,0,0
C356,2018,688,90.4073587385,30.5208533538,0,0
C356,2019,688,90.4073587385,30.5208533538,0,0
C360,2017,189.7,85.2067285018,0,177.1,0.6392
C360,2018,189.7,85.2067285018,0,177.1,0.6392
C360,2019,189.7,85.2067285018,0,177.1,0.6392
C364,2017,86,92.1757770632,6.7725904161,0,0
C364,2018,86,92.1757770632,6.7725904161,0,0
C364,2019,86,92.1757770632,6.7725904161,0,0
C368,2017,37.82,87.8105409798,60.827954596,0,0
C368,2018,30.71,91.4804885314,60.827954596,0,0
C368,2019,44.23,78.1172730484,60.827954596,0,0
C372,2017,0.06975,5.4338780786,5.7692307692,0.001115,0
C372,2018,0.065,6.5,5.7692307692,0.001,0.031
C372,2019,0.065,4.5550105116,5.7692307692,0.001,0.031
C376,2017,1,43.3463372345,57.8651685393,0,0
C376,2018,1,44.0334654337,57.8651685393,0,0
C376,2019,1.191,51.3805004314,57.8651685393,0,0
C380,2017,17,49.725049725,4.6001045478,16,1
C380,2018,17,49.725049725,4.6001045478,16,1
C380,2019,17,49.725049725,4.6001045478,16,1
C384,2017,0.6,51.6351118761,8.6760161635,0.5953,0
C384,2018,0.6,51.6351118761,8.6760161635,0.5953,0
C384,2019,0.6,51.6351118761,8.6760161635,0.5953,0
C388,2017,0.114,8.4194977843,0,0.11,0.003
C388,2018,0.114,8.4194977843,0,0.11,0.003
C388,2019,0.114,8.4194977843,0,0.11,0.003
C392,2017,53.7,67.7175283733,0,53.3,0.4
C392,2018,53.5,67.6359039191,0,53.1,0.4
C392,2019,53.5,67.6359039191,0,53.1,0.4
C398,2017,15.12,61.8379616376,40.6420071949,12.125,0
C398,2018,15.81,63.1642029565,40.6420071949,12.3,3.49
C398,2019,15.81,63.1642029565,40.6420071949,12.3,3.49
C400,2017,0.5518,52.3728170084,27.2145144077,0.5447,0.0071
C400,2018,0.5624,52.2482348569,27.2145144077,0.5553,0.0071
C400,2019,0.57061,51.645457343,27.2145144077,0.56054,0.01007
C404,2017,3.234,80.2083333333,32.5732899023,0.459,0.255
C404,2018,3.234,80.2083333333,32.5732899023,0.459,0.255
C404,2019,3.234,80.2083333333,32.5732899023,0.459,0.255
C408,2017,6.61,76.3473399709,13.1561892417,0,0
C408,2018,6.61,76.3473399709,13.1561892417,0,0
C408,2019,6.61,76.3473399709,13.1561892417,0,0
C410,2017,15.96,58.9321320434,6.9583931133,14.49,0
C410,2018,15.96,58.9321320434,6.9583931133,14.49,0
C410,2019,15.96,58.9321320434,6.9583931133,14.49,0
C414,2017,0.7784,62.272,100,0.7768,0.1672
C414,2018,0.7784,62.272,100,0.7768,0.1672
C414,2019,0.7784,62.272,100,0.7768,0.1672
C417,2017,7.1,92.6892950392,1.1275460718,0,0
C417,2018,7.1,92.6892950392,1.1275460718,0,0
C417,2019,7.1,92.6892950392,1.1275460718,0,0
C418,2017,7.02,95.9016393443,42.9085457271,6.58,0
C418,2018,7.02,95.9016393443,42.9085457271,6.58,0
C418,2019,7.05,95.9183673469,42.9085457271,6.58,0
C422,2017,0.7,38.0434782609,0.7854485325,0,0
C422,2018,0.7,38.0434782609,0.7854485325,0,0
C422,2019,0.7,38.0434782609,0.7854485325,0,0
C426,2017,0.0038,8.6757990868,0,0.0038,0
C426,2018,0.0038,8.6757990868,0,0.0038,0
C426,2019,0.0038,8.6757990868,0,0.0038,0
C428,2017,0.054806757,31.1560897914,51.5168860904,0.000366128,0.002542614
C428,2018,0.05413,30.5498125332,51.5168860904,0.000470811,0.00317
C428,2019,0.05586,32.3151683443,51.5168860904,0.00037,0.00183
C430,2017,0.0123,8.4304318026,13.7931034483,0.0123,0
C430,2018,0.0123,8.4304318026,13.7931034483,0.0123,0
C430,2019,0.0123,8.4304318026,13.7931034483,0.0123,0
C434,2017,4.85,83.1903945111,0,0,0
C434,2018,4.85,83.1903945111,0,0,0
C434,2019,4.85,83.1903945111,0,0,0
C440,2017,0.0589,22.7413127413,36.8979591837,5e-04,0.0036
C440,2018,0.05714,22.4615747474,36.8979591837,0.00055,0.00343
C440,2019,0.05714,22.4615747474,36.8979591837,0.00055,0.00343
C442,2017,4e-04,0.8771929825,71.4285714286,2e-04,0
C442,2018,5e-04,0.9578544061,71.4285714286,1e-04,0
C442,2019,6e-04,1.2170385396,71.4285714286,1e-04,0
C450,2017,13,95.8921287315,0,13,0
C450,2018,13,95.8921287315,0,13,0
C450,2019,13,95.8921287315,0,13,0
C454,2017,1.166,85.9375,6.5972222222,1.166,0
C454,2018,1.166,85.9375,6.5972222222,1.166,0
C454,2019,1.166,85.9375,6.5972222222,1.166,0
C458,2017,2.505,45.6450437318,0,2.505,0
C458,2018,2.505,45.6450437318,0,2.505,0
C458,2019,2.505,45.6450437318,0,2.505,0
C462,2017,0,0,0,0,0
C462,2018,0,0,0,0,0
C462,2019,0,0,0,0,0
C466,2017,5.075,97.8596220594,50,5,0.075
C466,2018,5.075,97.8596220594,50,5,0.075
C466,2019,5.075,97.8596220594,50,5,0.075
C470,2017,0.028,42.4242424242,0,0.027,0.001
C470,2018,0.025,39.0625,0,0.024,0.001
C470,2019,0.023,36.5079365079,0,0.022,0.001
C478,2017,1.223,90.5791734558,96.4912280702,1.223,0
C478,2018,1.223,90.5791734558,96.4912280702,1.223,0
C478,2019,1.223,90.5791734558,96.4912280702,1.223,0
C480,2017,0.344,55.8441558442,0,0,0
C480,2018,0.304,51.0067114094,0,0,0
C480,2019,0.301,50.3344481605,0,0,0
C484,2017,66.8,76.0473588342,11.53,65.422,0.218
C484,2018,67.264,75.7204610951,11.53,65.87,0.226
C484,2019,67.646,75.7081621918,11.533137221,66.25,0.233
C492,2017,0,0,0,0,0
C492,2018,0,0,0,0,0
C492,2019,0,0,0,0,0
C496,2017,0.2509,54.2603806228,0,0.1261,0.1248
C496,2018,0.2509,54.2603806228,0,0.1261,0.1248
C496,2019,0.2509,54.2603806228,0,0.1261,0.1248
C498,2017,0.042,5,86.7970660147,0.038,0.002
C498,2018,0.043,5.13739546,86.7970660147,0.039,0.002
C498,2019,0.044,5.2380952381,86.7970660147,0.039,0.003
C499,2017,0.0017,1.0565568676,0,0,0
C499,2018,0.0017,1.0565568676,0,0,0
C499,2019,0.0017,1.0565568676,0,0,0
C504,2017,9.156,87.7768190969,0,0,0
C504,2018,9.156,87.7768190969,0,0,0
C504,2019,9.156,87.7768190969,0,0,0
C508,2017,1.076,73.0482009504,53.8000921234,1.005,0.071
C508,2018,1.076,73.0482009504,53.8000921234,1.005,0.071
C508,2019,1.076,73.0482009504,53.8000921234,1.005,0.071
C512,2017,1.547,82.6388888889,0,1.547,0
C512,2018,1.547,82.5947677523,0,1.547,0
C512,2019,1.547,82.5947677523,0,1.547,0
C516,2017,0.201,69.7916666667,84.5652718617,0.144,0.077
C516,2018,0.201,69.7916666667,84.5652718617,0.144,0.077
C516,2019,0.201,69.7916666667,84.5652718617,0.144,0.077
C520,2017,0,0,0,0,0
C520,2018,0,0,0,0,0
C520,2019,0,0,0,0,0
C524,2017,9.32,98.1352202251,5.7088487155,9.32,0
C524,2018,9.32,98.1352202251,5.7088487155,9.32,0
C524,2019,9.32,98.1352202251,5.7088487155,9.32,0
C528,2017,0.1197,1.5120891337,87.9120879121,0.0802,0.0395
C528,2018,0.3022,3.7314630743,87.9120879121,0.264616,0.037555
C528,2019,0.2534,3.0154461289,87.9120879121,0.215259,0.038152
C548,2017,0,0,0,0,0
C548,2018,0,0,0,0,0
C548,2019,0,0,0,0,0
C554,2017,3.207,66.0983318567,0,2.8,0.276
C554,2018,3.207,65.7324801433,0,2.8,0.276
C554,2019,3.207,65.587732072,0,2.8,0.276
C558,2017,1.185,76.7188916224,5.0510576222,1.11,0.075
C558,2018,1.185,76.7188916224,5.0510576222,1.11,0.075
C558,2019,1.185,76.7188916224,5.0510576222,1.11,0.075
C562,2017,1.366407,86.4109596664,89.7209985316,1.366,0.1733
C562,2018,2.209407,90.8655975646,89.7209985316,1.366,0.1733
C562,2019,2.351407,91.0231061122,89.7209985316,1.366,0.1733
C566,2017,5.51,44.1683366733,22.7812718379,4.549,0.233
C566,2018,5.51,44.1683366733,22.7812718379,4.549,0.233
C566,2019,5.51,44.1683366733,22.7812718379,4.549,0.233
C570,2017,0,0,0,0,0
C570,2018,0,0,0,0,0
C570,2019,0,0,0,0,0
C578,2017,0.8449,31.3949167658,2.7989821883,0.1128,0
C578,2018,0.8449,31.3949167658,2.7989821883,0.1128,0
C578,2019,0.8449,31.3949167658,2.7989821883,0.1128,0
C583,2017,0,0,0,0,0
C583,2018,0,0,0,0,0
C583,2019,0,0,0,0,0
C584,2017,0,0,0,0,0
C584,2018,0,0,0,0,0
C584,2019,0,0,0,0,0
C585,2017,0,0,0,0,0
C585,2018,0,0,0,0,0
C585,2019,0,0,0,0,0
C586,2017,172.4,93.9765603707,77.7147487844,0,0
C586,2018,172.4,93.9765603707,77.7147487844,0,0
C586,2019,172.4,93.9765603707,77.7147487844,0,0
C591,2017,0.4461,36.8251609708,1.9410785046,0.4461,0
C591,2018,0.4461,36.8251609708,1.9410785046,0.4461,0
C591,2019,0.4461,36.8251609708,1.9410785046,0.4461,0
C598,2017,0.001,0.2550369804,0,0,0
C598,2018,0.001,0.2550369804,0,0,0
C598,2019,0.001,0.2550369804,0,0,0
C600,2017,1.897,78.6158309159,69.8274750496,0,0.297
C600,2018,1.897,78.6158309159,69.8274750496,0,0.297
C600,2019,1.897,78.6158309159,69.8274750496,0,0.297
C604,2017,30.0219,85.8853180302,12.7034790935,0,0
C604,2018,32.011,85.7697872568,12.7034790935,0,0.009
C604,2019,32.8,85.084306096,12.7034790935,32.79,0.01
C608,2017,67.96160962,74.0392874138,0,67.04,0.167599618
C608,2018,67.96835134,73.7521331696,0,67.04726,0.167713505
C608,2019,67.83082481,78.9950838572,0,67.07814883,0.168486879
C616,2017,1.018,10.0982045432,11.4049586777,0.081,0.221
C616,2018,1.389,13.8470740704,11.4049586777,0.084,0.432
C616,2019,1.389,14.0886499645,11.4049586777,0.084,0.44
C620,2017,3.41948,55.4811367899,50.9043927649,3.3955,0
C620,2018,3.41948,56.9913333333,50.9043927649,3.39545,0
C620,2019,3.41948,55.7564215239,50.9043927649,3.39545,0
C624,2017,0.144,75.7894736842,49.0445859873,0,0
C624,2018,0.144,75.7894736842,49.0445859873,0,0
C624,2019,0.144,75.7894736842,49.0445859873,0,0
C626,2017,1.071,91.3822525597,0,0,0
C626,2018,1.071,91.3822525597,0,0,0
C626,2019,1.071,91.3822525597,0,0,0
C630,2017,0.1135,3.4661780424,0,0.0528,0
C630,2018,0.1135,3.4661780424,0,0.0528,0
C630,2019,0.1135,3.4661780424,0,0.0528,0
C634,2017,0.23,26.9636576788,3.4482758621,0,0
C634,2018,0.23,26.1066969353,3.4482758621,0,0
C634,2019,0.23,25.0817884406,3.4482758621,0,0
C642,2017,1.491,22.0138786358,80.010376869,0.441,0.02
C642,2018,1.427,22.2412718204,80.010376869,0.441,0.02
C642,2019,1.427,22.2412718204,80.010376869,0.441,0.02
C643,2017,18.66,28.9706567303,4.7165527368,12.46,0
C643,2018,18.64,28.7565566183,4.7165527368,7,0
C643,2019,18.64,28.7565566183,4.7165527368,7,0
C646,2017,0.3328421053,60.4885487421,28.5714285714,0,0
C646,2018,0.3464210526,60.2337105621,28.5714285714,0,0
C646,2019,0.36,59.0163934426,28.5714285714,0.36,0
C659,2017,2e-04,1.2820512821,0,2e-04,0
C659,2018,2e-04,1.2820512821,0,2e-04,0
C659,2019,2e-04,1.2820512821,0,2e-04,0
C662,2017,0.0304,70.8624708625,0,0,0
C662,2018,0.0304,70.8624708625,0,0,0
C662,2019,0.0304,70.8624708625,0,0,0
C670,2017,0,0,0,0.0101,0
C670,2018,0,0,0,0.0101,0
C670,2019,0,0,0,0.0101,0
C678,2017,0.0256,62.5916870416,0,0.0224,0.0032
C678,2018,0.0256,62.5916870416,0,0.0224,0.0032
C678,2019,0.0256,62.5916870416,0,0.0224,0.0032
C682,2017,19.2,82.2269807281,0,0,0
C682,2018,21.2,81.5635580179,0,0,0
C682,2019,21.2,81.5635580179,0,0,0
C686,2017,2.2036655,88.976257366,33.7952270978,2.15238,0.050933545
C686,2018,2.7586822,91.1148414671,33.7952270978,2.70611,0.052170272
C686,2019,2.7586822,91.3138942488,33.7952270978,2.70611,0.051860992
C688,2017,0.6608,12.2884665452,0,0.0753,0.0283
C688,2018,0.7123,12.8169140801,0,0.0545,0.0277
C688,2019,0.7091,12.6205816396,0,0.0676,0.0354
C690,2017,9e-04,6.5693430657,0,0,0
C690,2018,9e-04,6.5693430657,0,0,0
C690,2019,9e-04,6.5693430657,0,0,0
C694,2017,0.0457,21.5362865221,0,0.0457,0
C694,2018,0.0457,21.5362865221,0,0.0457,0
C694,2019,0.0457,21.5362865221,0,0.0457,0
C702,2017,0.026376,4,0,0,0
C702,2018,0.026264,4,0,0,0
C702,2019,0.026544,4,0,0,0
C703,2017,0.0316,5.6803882797,74.8502994012,0.0224,0.062
C703,2018,0.0811,13.2516339869,74.8502994012,0.0161,0.062
C703,2019,0.0811,13.2516339869,74.8502994012,0.0161,0.062
C704,2017,77.75,94.7823966841,59.347147446,0,0
C704,2018,77.75,94.7823966841,59.347147446,0,0
C704,2019,77.75,94.7823966841,59.347147446,0,0
C705,2017,0.0039,0.4187245008,41.4182616881,0.003898,0
C705,2018,0.003,0.3121748179,41.4182616881,0.003119,0
C705,2019,0.003,0.3177966102,41.4182616881,0.003247,0
C706,2017,3.281,99.4845360825,59.1836734694,0,0
C706,2018,3.281,99.4845360825,59.1836734694,0,0
C706,2019,3.281,99.4845360825,59.1836734694,0,0
C710,2017,11.39,58.7719298246,12.8404669261,11.29,0.054
C710,2018,11.496,57.9143576826,12.8404669261,11.397,0.055
C710,2019,11.496,57.9143576826,12.8404669261,11.397,0.056
C716,2017,2.77,82.9564852805,38.7,2.662,0.0921
C716,2018,3.04107,80.6354703053,38.7,2.93312,0.09205
C716,2019,3.04107,80.6354703053,38.7,2.93312,0.09205
C724,2017,19.809,65.823752243,0.269058296,18.109,0
C724,2018,19.254,65.3364552581,0.269058296,17.574,0
C724,2019,19.254,65.3364552581,0.269058296,17.574,0
C728,2017,0.24,36.4741641337,65.7894736842,0,0
C728,2018,0.24,36.4741641337,65.7894736842,0,0
C728,2019,0.24,36.4741641337,65.7894736842,0,0
C729,2017,25.91,96.1945424169,96.1277831559,0,0
C729,2018,25.91,96.1945424169,96.1277831559,0,0
C729,2019,25.91,96.1945424169,96.1277831559,0,0
C740,2017,0.4311,69.9951290794,0,0.4311,0
C740,2018,0.4311,69.9951290794,0,0.4311,0
C740,2019,0.4311,69.9951290794,0,0.4311,0
C748,2017,1.006,94.1947565543,41.4634146341,0.993,0.013
C748,2018,1.006,94.1947565543,41.4634146341,0.993,0.013
C748,2019,1.006,94.1947565543,41.4634146341,0.993,0.013
C752,2017,0.075,3.1578947368,1.724137931,0.048,0.027
C752,2018,0.075,3.1578947368,1.724137931,0.048,0.027
C752,2019,0.075,3.1578947368,1.724137931,0.048,0.027
C756,2017,0.1601,9.2340523705,24.4859813084,0.1356,0
C756,2018,0.1601,9.05645435,24.4859813084,0.1356,0
C756,2019,0.1601,9.05645435,24.4859813084,0.1356,0
C760,2017,14.67,87.5277439679,72.3587318812,0,0
C760,2018,14.67,87.5277439679,72.3587318812,0,0
C760,2019,14.67,87.5277439679,72.3587318812,0,0
C762,2017,5.186,64.9223835754,17.3375016282,0,0
C762,2018,7.378,75.4859832208,17.3375016282,7.378,0
C762,2019,7.378,69.5906432749,17.3375016282,7.378,0
C764,2017,51.79,90.3744808572,48.8132965505,0,0
C764,2018,51.79,90.3744808572,48.8132965505,0,0
C764,2019,51.79,90.3744808572,48.8132965505,0,0
C768,2017,0.076,34.0807174888,21.768707483,0.046,0.03
C768,2018,0.076,34.0807174888,21.768707483,0.046,0.03
C768,2019,0.076,34.0807174888,21.768707483,0.046,0.03
C772,2017,0,0,0,0,0
C772,2018,0,0,0,0,0
C772,2019,0,0,0,0,0
C776,2017,0,0,0,0,0
C776,2018,0,0,0,0,0
C776,2019,0,0,0,0,0
C780,2017,0.0167,4.3580375783,0,0,0
C780,2018,0.0167,4.3580375783,0,0,0
C780,2019,0.0167,4.3580375783,0,0,0
C784,2017,2.445,48.52153205,0,2.421,0.024
C784,2018,2.501,48.7904799064,0,2.476,0.025
C784,2019,2.443,48.1854043393,0,2.419,0.024
C788,2017,2.691,74.4192477876,9.1007583965,2.691,0
C788,2018,2.9326,76.2764324915,9.1007583965,2.9326,0
C788,2019,2.9326,76.2764324915,9.1007583965,2.9326,0
C792,2017,50.05,87.0707351867,1.5184381779,42.21,0
C792,2018,51.735,87.1179590806,1.5184381779,43.95,0
C792,2019,54.27,87.6453488372,1.5184381779,46.57,0
C795,2017,26.36,94.2977749159,96.9956163798,26.25,0.084
C795,2018,26.36,94.2977749159,96.9956163798,26.25,0.084
C795,2019,26.36,94.2977749159,96.9956163798,26.25,0.084
C798,2017,0,0,0,0,0
C798,2018,0,0,0,0,0
C798,2019,0,0,0,0,0
C800,2017,0.259,40.6593406593,35.1081530782,0,0
C800,2018,0.259,40.6593406593,35.1081530782,0,0
C800,2019,0.259,40.6593406593,35.1081530782,0,0
C804,2017,4.655,41.5550794501,68.5645823825,4.052,0.165
C804,2018,4.655,41.5550794501,68.5645823825,4.052,0.165
C804,2019,4.38,39.573545356,68.5645823825,3.727,0.165
C807,2017,0.3292177077,39.5443743342,15.625,0.139,0
C807,2018,0.3292177077,38.2621183462,15.625,0.139,0
C807,2019,0.3292177077,38.2621183462,15.625,0.139,0
C818,2017,61.35,79.1612903226,98.2608695652,0,0
C818,2018,61.35,79.1612903226,98.2608695652,0,0
C818,2019,61.35,79.1612903226,98.2608695652,0,0
C826,2017,1.183,14.0498812352,1.3605442177,0.084,0.026
C826,2018,1.183,14.0498812352,1.3605442177,0.084,0.026
C826,2019,1.183,14.0498812352,1.3605442177,0.084,0.026
C834,2017,4.632,89.3518518519,12.7454035525,4.425,0.207
C834,2018,4.632,89.3518518519,12.7454035525,4.425,0.207
C834,2019,4.632,89.3518518519,12.7454035525,4.425,0.207
C840,2017,176.2,39.6587814265,8.1785597915,163,10.43
C840,2018,176.2,39.6587814265,8.1785597915,163,10.43
C840,2019,176.2,39.6587814265,8.1785597915,163,10.43
C854,2017,0.4207,51.4303178484,7.4074074074,0.4207,0
C854,2018,0.4207,51.4303178484,7.4074074074,0.4207,0
C854,2019,0.4207,51.4303178484,7.4074074074,0.4207,0
C858,2017,3.17,86.6120218579,46.4576074332,0,0.23
C858,2018,3.17,86.6120218579,46.4576074332,0,0.23
C858,2019,3.17,86.6120218579,46.4576074332,0,0.23
C860,2017,54.36,92.2920203735,80.0707403342,53.7,0
C860,2018,54.36,92.2920203735,80.0707403342,53.7,0
C860,2019,54.36,92.2920203735,80.0707403342,53.7,0
C862,2017,16.71,73.852110155,39.2452830189,16.71,0
C862,2018,16.71,73.852110155,39.2452830189,16.71,0
C862,2019,16.71,73.852110155,39.2452830189,16.71,0
C882,2017,0,0,0,0,0
C882,2018,0,0,0,0,0
C882,2019,0,0,0,0,0
C887,2017,3.235,90.7433380084,0,0,0
C887,2018,3.235,90.7433380084,0,0,0
C887,2019,3.235,90.7433380084,0,0,0
C894,2017,1.152,73.2824427481,23.4732824427,1.152,0
C894,2018,1.152,73.2824427481,23.4732824427,1.152,0
C894,2019,1.152,73.2824427481,23.4732824427,1.152,0
